queue,avg_resolution_time
"Technical Support",18.206757274577843
"Returns and Exchanges",31.25914285714281
"Billing and Payments",26.446481149012556
"Sales and Pre-Sales",32.304743169398904
"Service Outages and Maintenance",16.2043630017452
"Product Support",25.47247233880197
"IT Support",19.22119533527696
"Customer Service",31.387434874442643
"Human Resources",37.91591304347825
"General Inquiry",37.37402985074627
